date,city,store,category,min_price,avg_price,diff_pct_min,diff_pct_avg
30/04/2025,Auckland,NewWorld,beef,18.39,26.65,,
01/05/2025,Auckland,NewWorld,beef,18.48,26.78,0.49,0.49
02/05/2025,Auckland,NewWorld,beef,18.26,25.37,-1.19,-5.27
03/05/2025,Auckland,NewWorld,beef,18.44,25.65,0.99,1.1
04/05/2025,Auckland,NewWorld,beef,18.0,26.39,-2.39,2.88
05/05/2025,Auckland,NewWorld,beef,18.79,26.59,4.39,0.76
06/05/2025,Auckland,NewWorld,beef,18.09,25.14,-3.73,-5.45
07/05/2025,Auckland,NewWorld,beef,17.51,26.32,-3.21,4.69
08/05/2025,Auckland,NewWorld,beef,17.45,27.62,-0.34,4.94
09/05/2025,Auckland,NewWorld,beef,18.16,26.68,4.07,-3.4
10/05/2025,Auckland,NewWorld,beef,18.81,25.29,3.58,-5.21
11/05/2025,Auckland,NewWorld,beef,17.2,25.49,-8.56,0.79
12/05/2025,Auckland,NewWorld,beef,17.31,25.85,0.64,1.41
13/05/2025,Auckland,NewWorld,beef,18.38,25.43,6.18,-1.62
14/05/2025,Auckland,NewWorld,beef,17.51,27.26,-4.73,7.2
15/05/2025,Auckland,NewWorld,beef,17.3,25.39,-1.2,-6.86
16/05/2025,Auckland,NewWorld,beef,18.68,27.39,7.98,7.88
17/05/2025,Auckland,NewWorld,beef,17.91,27.11,-4.12,-1.02
18/05/2025,Auckland,NewWorld,beef,18.85,26.38,5.25,-2.69
19/05/2025,Auckland,NewWorld,beef,17.29,27.03,-8.28,2.46
20/05/2025,Auckland,NewWorld,beef,17.39,25.76,0.58,-4.7
21/05/2025,Auckland,NewWorld,beef,18.36,27.64,5.58,7.3
22/05/2025,Auckland,NewWorld,beef,18.62,25.21,1.42,-8.79
23/05/2025,Auckland,NewWorld,beef,17.57,27.04,-5.64,7.26
24/05/2025,Auckland,NewWorld,beef,18.7,25.84,6.43,-4.44
25/05/2025,Auckland,NewWorld,beef,17.57,26.8,-6.04,3.72
26/05/2025,Auckland,NewWorld,beef,18.35,25.48,4.44,-4.93
27/05/2025,Auckland,NewWorld,beef,18.21,27.61,-0.76,8.36
28/05/2025,Auckland,NewWorld,beef,18.65,27.67,2.42,0.22
29/05/2025,Auckland,NewWorld,beef,18.42,26.87,-1.23,-2.89
30/05/2025,Auckland,NewWorld,beef,17.82,26.43,-3.26,-1.64
31/05/2025,Auckland,NewWorld,beef,17.77,26.77,-0.28,1.29
01/06/2025,Auckland,NewWorld,beef,17.64,26.75,-0.73,-0.07
02/06/2025,Auckland,NewWorld,beef,17.31,26.17,-1.87,-2.17
03/06/2025,Auckland,NewWorld,beef,18.29,25.21,5.66,-3.67
04/06/2025,Auckland,NewWorld,beef,17.28,27.06,-5.52,7.34
30/04/2025,Auckland,NewWorld,bread,1.55,3.13,,
01/05/2025,Auckland,NewWorld,bread,1.42,3.17,-8.39,1.28
02/05/2025,Auckland,NewWorld,bread,1.52,3.05,7.04,-3.79
03/05/2025,Auckland,NewWorld,bread,1.56,3.11,2.63,1.97
04/05/2025,Auckland,NewWorld,bread,1.53,3.02,-1.92,-2.89
05/05/2025,Auckland,NewWorld,bread,1.48,2.92,-3.27,-3.31
06/05/2025,Auckland,NewWorld,bread,1.51,2.95,2.03,1.03
07/05/2025,Auckland,NewWorld,bread,1.43,3.1,-5.3,5.08
08/05/2025,Auckland,NewWorld,bread,1.44,3.19,0.7,2.9
09/05/2025,Auckland,NewWorld,bread,1.53,3.02,6.25,-5.33
10/05/2025,Auckland,NewWorld,bread,1.52,3.16,-0.65,4.64
11/05/2025,Auckland,NewWorld,bread,1.51,3.14,-0.66,-0.63
12/05/2025,Auckland,NewWorld,bread,1.46,2.98,-3.31,-5.1
13/05/2025,Auckland,NewWorld,bread,1.47,3.18,0.68,6.71
14/05/2025,Auckland,NewWorld,bread,1.45,2.95,-1.36,-7.23
15/05/2025,Auckland,NewWorld,bread,1.56,3.08,7.59,4.41
16/05/2025,Auckland,NewWorld,bread,1.54,3.04,-1.28,-1.3
17/05/2025,Auckland,NewWorld,bread,1.51,2.97,-1.95,-2.3
18/05/2025,Auckland,NewWorld,bread,1.52,2.98,0.66,0.34
19/05/2025,Auckland,NewWorld,bread,1.43,3.08,-5.92,3.36
20/05/2025,Auckland,NewWorld,bread,1.49,3.11,4.2,0.97
21/05/2025,Auckland,NewWorld,bread,1.48,3.03,-0.67,-2.57
22/05/2025,Auckland,NewWorld,bread,1.47,2.94,-0.68,-2.97
23/05/2025,Auckland,NewWorld,bread,1.43,3.09,-2.72,5.1
24/05/2025,Auckland,NewWorld,bread,1.54,2.96,7.69,-4.21
25/05/2025,Auckland,NewWorld,bread,1.46,3.14,-5.19,6.08
26/05/2025,Auckland,NewWorld,bread,1.46,3.06,0.0,-2.55
27/05/2025,Auckland,NewWorld,bread,1.5,3.03,2.74,-0.98
28/05/2025,Auckland,NewWorld,bread,1.51,3.1,0.67,2.31
29/05/2025,Auckland,NewWorld,bread,1.53,3.18,1.32,2.58
30/05/2025,Auckland,NewWorld,bread,1.5,3.14,-1.96,-1.26
31/05/2025,Auckland,NewWorld,bread,1.54,2.9,2.67,-7.64
01/06/2025,Auckland,NewWorld,bread,1.53,2.97,-0.65,2.41
02/06/2025,Auckland,NewWorld,bread,1.51,3.18,-1.31,7.07
03/06/2025,Auckland,NewWorld,bread,1.48,3.0,-1.99,-5.66
04/06/2025,Auckland,NewWorld,bread,1.56,2.95,5.41,-1.67
30/04/2025,Auckland,NewWorld,butter,4.34,7.74,,
01/05/2025,Auckland,NewWorld,butter,4.44,8.06,2.3,4.13
02/05/2025,Auckland,NewWorld,butter,4.36,7.55,-1.8,-6.33
03/05/2025,Auckland,NewWorld,butter,4.4,8.32,0.92,10.2
04/05/2025,Auckland,NewWorld,butter,4.1,8.11,-6.82,-2.52
05/05/2025,Auckland,NewWorld,butter,4.42,8.15,7.8,0.49
06/05/2025,Auckland,NewWorld,butter,4.27,8.04,-3.39,-1.35
07/05/2025,Auckland,NewWorld,butter,4.21,8.21,-1.41,2.11
08/05/2025,Auckland,NewWorld,butter,4.35,7.98,3.33,-2.8
09/05/2025,Auckland,NewWorld,butter,4.33,7.74,-0.46,-3.01
10/05/2025,Auckland,NewWorld,butter,4.17,7.68,-3.7,-0.78
11/05/2025,Auckland,NewWorld,butter,4.1,8.23,-1.68,7.16
12/05/2025,Auckland,NewWorld,butter,4.42,8.04,7.8,-2.31
13/05/2025,Auckland,NewWorld,butter,4.26,8.03,-3.62,-0.12
14/05/2025,Auckland,NewWorld,butter,4.09,8.05,-3.99,0.25
15/05/2025,Auckland,NewWorld,butter,4.3,7.85,5.13,-2.48
16/05/2025,Auckland,NewWorld,butter,4.22,7.77,-1.86,-1.02
17/05/2025,Auckland,NewWorld,butter,4.42,7.77,4.74,0.0
18/05/2025,Auckland,NewWorld,butter,4.48,7.99,1.36,2.83
19/05/2025,Auckland,NewWorld,butter,4.43,8.2,-1.12,2.63
20/05/2025,Auckland,NewWorld,butter,4.18,8.11,-5.64,-1.1
21/05/2025,Auckland,NewWorld,butter,4.44,7.93,6.22,-2.22
22/05/2025,Auckland,NewWorld,butter,4.22,7.62,-4.95,-3.91
23/05/2025,Auckland,NewWorld,butter,4.26,7.55,0.95,-0.92
24/05/2025,Auckland,NewWorld,butter,4.36,8.34,2.35,10.46
25/05/2025,Auckland,NewWorld,butter,4.34,7.9,-0.46,-5.28
26/05/2025,Auckland,NewWorld,butter,4.46,7.73,2.76,-2.15
27/05/2025,Auckland,NewWorld,butter,4.34,8.31,-2.69,7.5
28/05/2025,Auckland,NewWorld,butter,4.3,7.8,-0.92,-6.14
29/05/2025,Auckland,NewWorld,butter,4.37,7.93,1.63,1.67
30/05/2025,Auckland,NewWorld,butter,4.41,8.18,0.92,3.15
31/05/2025,Auckland,NewWorld,butter,4.09,7.83,-7.26,-4.28
01/06/2025,Auckland,NewWorld,butter,4.36,8.08,6.6,3.19
02/06/2025,Auckland,NewWorld,butter,4.42,7.82,1.38,-3.22
03/06/2025,Auckland,NewWorld,butter,4.48,7.99,1.36,2.17
04/06/2025,Auckland,NewWorld,butter,4.26,8.2,-4.91,2.63
30/04/2025,Auckland,NewWorld,egg,7.36,8.73,,
01/05/2025,Auckland,NewWorld,egg,7.18,9.05,-2.45,3.67
02/05/2025,Auckland,NewWorld,egg,7.61,9.23,5.99,1.99
03/05/2025,Auckland,NewWorld,egg,7.4,9.06,-2.76,-1.84
04/05/2025,Auckland,NewWorld,egg,7.33,9.29,-0.95,2.54
05/05/2025,Auckland,NewWorld,egg,7.36,8.59,0.41,-7.53
06/05/2025,Auckland,NewWorld,egg,7.85,9.14,6.66,6.4
07/05/2025,Auckland,NewWorld,egg,7.57,9.14,-3.57,0.0
08/05/2025,Auckland,NewWorld,egg,7.76,9.02,2.51,-1.31
09/05/2025,Auckland,NewWorld,egg,7.21,9.31,-7.09,3.22
10/05/2025,Auckland,NewWorld,egg,7.73,8.77,7.21,-5.8
11/05/2025,Auckland,NewWorld,egg,7.76,9.37,0.39,6.84
12/05/2025,Auckland,NewWorld,egg,7.24,9.31,-6.7,-0.64
13/05/2025,Auckland,NewWorld,egg,7.25,8.93,0.14,-4.08
14/05/2025,Auckland,NewWorld,egg,7.38,9.09,1.79,1.79
15/05/2025,Auckland,NewWorld,egg,7.48,9.09,1.36,0.0
16/05/2025,Auckland,NewWorld,egg,7.4,8.93,-1.07,-1.76
17/05/2025,Auckland,NewWorld,egg,7.13,8.57,-3.65,-4.03
18/05/2025,Auckland,NewWorld,egg,7.26,8.94,1.82,4.32
19/05/2025,Auckland,NewWorld,egg,7.25,8.74,-0.14,-2.24
20/05/2025,Auckland,NewWorld,egg,7.13,9.04,-1.66,3.43
21/05/2025,Auckland,NewWorld,egg,7.46,9.41,4.63,4.09
22/05/2025,Auckland,NewWorld,egg,7.32,9.21,-1.88,-2.13
23/05/2025,Auckland,NewWorld,egg,7.14,8.61,-2.46,-6.51
24/05/2025,Auckland,NewWorld,egg,7.53,9.29,5.46,7.9
25/05/2025,Auckland,NewWorld,egg,7.44,9.05,-1.2,-2.58
26/05/2025,Auckland,NewWorld,egg,7.14,9.21,-4.03,1.77
27/05/2025,Auckland,NewWorld,egg,7.14,8.66,0.0,-5.97
28/05/2025,Auckland,NewWorld,egg,7.37,9.26,3.22,6.93
29/05/2025,Auckland,NewWorld,egg,7.19,8.71,-2.44,-5.94
30/05/2025,Auckland,NewWorld,egg,7.86,9.3,9.32,6.77
31/05/2025,Auckland,NewWorld,egg,7.84,9.4,-0.25,1.08
01/06/2025,Auckland,NewWorld,egg,7.35,8.7,-6.25,-7.45
02/06/2025,Auckland,NewWorld,egg,7.46,9.2,1.5,5.75
03/06/2025,Auckland,NewWorld,egg,7.26,8.94,-2.68,-2.83
04/06/2025,Auckland,NewWorld,egg,7.39,8.72,1.79,-2.46
30/04/2025,Auckland,NewWorld,milk,3.01,4.77,,
01/05/2025,Auckland,NewWorld,milk,2.94,4.75,-2.33,-0.42
02/05/2025,Auckland,NewWorld,milk,3.02,4.82,2.72,1.47
03/05/2025,Auckland,NewWorld,milk,2.88,4.64,-4.64,-3.73
04/05/2025,Auckland,NewWorld,milk,3.08,4.79,6.94,3.23
05/05/2025,Auckland,NewWorld,milk,3.04,5.07,-1.3,5.85
06/05/2025,Auckland,NewWorld,milk,3.04,4.67,0.0,-7.89
07/05/2025,Auckland,NewWorld,milk,2.87,5.02,-5.59,7.49
08/05/2025,Auckland,NewWorld,milk,2.9,4.67,1.05,-6.97
09/05/2025,Auckland,NewWorld,milk,2.95,4.62,1.72,-1.07
10/05/2025,Auckland,NewWorld,milk,3.11,4.6,5.42,-0.43
11/05/2025,Auckland,NewWorld,milk,2.96,4.79,-4.82,4.13
12/05/2025,Auckland,NewWorld,milk,3.01,4.79,1.69,0.0
13/05/2025,Auckland,NewWorld,milk,3.1,5.05,2.99,5.43
14/05/2025,Auckland,NewWorld,milk,2.95,5.06,-4.84,0.2
15/05/2025,Auckland,NewWorld,milk,2.99,4.79,1.36,-5.34
16/05/2025,Auckland,NewWorld,milk,2.9,5.07,-3.01,5.85
17/05/2025,Auckland,NewWorld,milk,2.85,4.76,-1.72,-6.11
18/05/2025,Auckland,NewWorld,milk,3.1,4.74,8.77,-0.42
19/05/2025,Auckland,NewWorld,milk,2.89,4.87,-6.77,2.74
20/05/2025,Auckland,NewWorld,milk,2.98,4.66,3.11,-4.31
21/05/2025,Auckland,NewWorld,milk,3.0,4.67,0.67,0.21
22/05/2025,Auckland,NewWorld,milk,2.94,4.83,-2.0,3.43
23/05/2025,Auckland,NewWorld,milk,3.1,4.66,5.44,-3.52
24/05/2025,Auckland,NewWorld,milk,3.1,5.07,0.0,8.8
25/05/2025,Auckland,NewWorld,milk,3.07,5.02,-0.97,-0.99
26/05/2025,Auckland,NewWorld,milk,2.9,5.01,-5.54,-0.2
27/05/2025,Auckland,NewWorld,milk,2.92,5.05,0.69,0.8
28/05/2025,Auckland,NewWorld,milk,3.06,4.66,4.79,-7.72
29/05/2025,Auckland,NewWorld,milk,2.85,4.88,-6.86,4.72
30/05/2025,Auckland,NewWorld,milk,2.91,4.97,2.11,1.84
31/05/2025,Auckland,NewWorld,milk,2.92,4.85,0.34,-2.41
01/06/2025,Auckland,NewWorld,milk,2.87,5.03,-1.71,3.71
02/06/2025,Auckland,NewWorld,milk,2.88,4.85,0.35,-3.58
03/06/2025,Auckland,NewWorld,milk,2.89,4.77,0.35,-1.65
04/06/2025,Auckland,NewWorld,milk,2.89,4.69,0.0,-1.68
30/04/2025,Auckland,Paknsave,beef,18.59,25.8,,
01/05/2025,Auckland,Paknsave,beef,18.62,24.64,0.16,-4.5
02/05/2025,Auckland,Paknsave,beef,17.33,25.14,-6.93,2.03
03/05/2025,Auckland,Paknsave,beef,17.38,24.05,0.29,-4.34
04/05/2025,Auckland,Paknsave,beef,17.26,25.56,-0.69,6.28
05/05/2025,Auckland,Paknsave,beef,18.09,23.79,4.81,-6.92
06/05/2025,Auckland,Paknsave,beef,17.26,25.35,-4.59,6.56
07/05/2025,Auckland,Paknsave,beef,17.77,24.66,2.95,-2.72
08/05/2025,Auckland,Paknsave,beef,17.38,24.55,-2.19,-0.45
09/05/2025,Auckland,Paknsave,beef,17.3,26.11,-0.46,6.35
10/05/2025,Auckland,Paknsave,beef,17.7,24.12,2.31,-7.62
11/05/2025,Auckland,Paknsave,beef,17.19,25.91,-2.88,7.42
12/05/2025,Auckland,Paknsave,beef,18.41,23.71,7.1,-8.49
13/05/2025,Auckland,Paknsave,beef,18.01,24.84,-2.17,4.77
14/05/2025,Auckland,Paknsave,beef,18.6,25.82,3.28,3.95
15/05/2025,Auckland,Paknsave,beef,18.15,25.4,-2.42,-1.63
16/05/2025,Auckland,Paknsave,beef,17.72,24.95,-2.37,-1.77
17/05/2025,Auckland,Paknsave,beef,18.52,25.65,4.51,2.81
18/05/2025,Auckland,Paknsave,beef,17.44,24.58,-5.83,-4.17
19/05/2025,Auckland,Paknsave,beef,17.56,26.07,0.69,6.06
20/05/2025,Auckland,Paknsave,beef,17.74,25.67,1.03,-1.53
21/05/2025,Auckland,Paknsave,beef,17.29,24.0,-2.54,-6.51
22/05/2025,Auckland,Paknsave,beef,18.43,24.89,6.59,3.71
23/05/2025,Auckland,Paknsave,beef,18.51,25.53,0.43,2.57
24/05/2025,Auckland,Paknsave,beef,17.12,24.84,-7.51,-2.7
25/05/2025,Auckland,Paknsave,beef,17.77,24.19,3.8,-2.62
26/05/2025,Auckland,Paknsave,beef,18.37,24.21,3.38,0.08
27/05/2025,Auckland,Paknsave,beef,18.72,24.21,1.91,0.0
28/05/2025,Auckland,Paknsave,beef,17.73,25.7,-5.29,6.15
29/05/2025,Auckland,Paknsave,beef,17.16,24.48,-3.21,-4.75
30/05/2025,Auckland,Paknsave,beef,18.24,24.45,6.29,-0.12
31/05/2025,Auckland,Paknsave,beef,17.76,24.51,-2.63,0.25
01/06/2025,Auckland,Paknsave,beef,17.11,25.14,-3.66,2.57
02/06/2025,Auckland,Paknsave,beef,17.66,25.21,3.21,0.28
03/06/2025,Auckland,Paknsave,beef,17.83,26.07,0.96,3.41
04/06/2025,Auckland,Paknsave,beef,18.33,25.95,2.8,-0.46
30/04/2025,Auckland,Paknsave,bread,1.39,2.53,,
01/05/2025,Auckland,Paknsave,bread,1.38,2.43,-0.72,-3.95
02/05/2025,Auckland,Paknsave,bread,1.41,2.62,2.17,7.82
03/05/2025,Auckland,Paknsave,bread,1.44,2.67,2.13,1.91
04/05/2025,Auckland,Paknsave,bread,1.35,2.46,-6.25,-7.87
05/05/2025,Auckland,Paknsave,bread,1.37,2.52,1.48,2.44
06/05/2025,Auckland,Paknsave,bread,1.35,2.49,-1.46,-1.19
07/05/2025,Auckland,Paknsave,bread,1.37,2.52,1.48,1.2
08/05/2025,Auckland,Paknsave,bread,1.35,2.44,-1.46,-3.17
09/05/2025,Auckland,Paknsave,bread,1.37,2.56,1.48,4.92
10/05/2025,Auckland,Paknsave,bread,1.34,2.66,-2.19,3.91
11/05/2025,Auckland,Paknsave,bread,1.44,2.6,7.46,-2.26
12/05/2025,Auckland,Paknsave,bread,1.35,2.6,-6.25,0.0
13/05/2025,Auckland,Paknsave,bread,1.43,2.43,5.93,-6.54
14/05/2025,Auckland,Paknsave,bread,1.4,2.51,-2.1,3.29
15/05/2025,Auckland,Paknsave,bread,1.37,2.55,-2.14,1.59
16/05/2025,Auckland,Paknsave,bread,1.36,2.62,-0.73,2.75
17/05/2025,Auckland,Paknsave,bread,1.38,2.58,1.47,-1.53
18/05/2025,Auckland,Paknsave,bread,1.37,2.48,-0.72,-3.88
19/05/2025,Auckland,Paknsave,bread,1.34,2.55,-2.19,2.82
20/05/2025,Auckland,Paknsave,bread,1.39,2.57,3.73,0.78
21/05/2025,Auckland,Paknsave,bread,1.4,2.44,0.72,-5.06
22/05/2025,Auckland,Paknsave,bread,1.43,2.51,2.14,2.87
23/05/2025,Auckland,Paknsave,bread,1.45,2.44,1.4,-2.79
24/05/2025,Auckland,Paknsave,bread,1.34,2.54,-7.59,4.1
25/05/2025,Auckland,Paknsave,bread,1.45,2.64,8.21,3.94
26/05/2025,Auckland,Paknsave,bread,1.35,2.57,-6.9,-2.65
27/05/2025,Auckland,Paknsave,bread,1.38,2.45,2.22,-4.67
28/05/2025,Auckland,Paknsave,bread,1.34,2.66,-2.9,8.57
29/05/2025,Auckland,Paknsave,bread,1.46,2.45,8.96,-7.89
30/05/2025,Auckland,Paknsave,bread,1.36,2.59,-6.85,5.71
31/05/2025,Auckland,Paknsave,bread,1.37,2.63,0.74,1.54
01/06/2025,Auckland,Paknsave,bread,1.36,2.54,-0.73,-3.42
02/06/2025,Auckland,Paknsave,bread,1.35,2.45,-0.74,-3.54
03/06/2025,Auckland,Paknsave,bread,1.4,2.64,3.7,7.76
04/06/2025,Auckland,Paknsave,bread,1.34,2.6,-4.29,-1.52
30/04/2025,Auckland,Paknsave,butter,1.73,5.9,,
01/05/2025,Auckland,Paknsave,butter,1.73,6.01,0.0,1.86
02/05/2025,Auckland,Paknsave,butter,1.76,5.7,1.73,-5.16
03/05/2025,Auckland,Paknsave,butter,1.71,5.7,-2.84,0.0
04/05/2025,Auckland,Paknsave,butter,1.79,5.62,4.68,-1.4
05/05/2025,Auckland,Paknsave,butter,1.84,5.52,2.79,-1.78
06/05/2025,Auckland,Paknsave,butter,1.8,5.72,-2.17,3.62
07/05/2025,Auckland,Paknsave,butter,1.85,5.57,2.78,-2.62
08/05/2025,Auckland,Paknsave,butter,1.76,5.51,-4.86,-1.08
09/05/2025,Auckland,Paknsave,butter,1.87,5.47,6.25,-0.73
10/05/2025,Auckland,Paknsave,butter,1.76,5.82,-5.88,6.4
11/05/2025,Auckland,Paknsave,butter,1.83,5.64,3.98,-3.09
12/05/2025,Auckland,Paknsave,butter,1.73,5.51,-5.46,-2.3
13/05/2025,Auckland,Paknsave,butter,1.74,5.92,0.58,7.44
14/05/2025,Auckland,Paknsave,butter,1.81,5.9,4.02,-0.34
15/05/2025,Auckland,Paknsave,butter,1.74,5.68,-3.87,-3.73
16/05/2025,Auckland,Paknsave,butter,1.77,5.99,1.72,5.46
17/05/2025,Auckland,Paknsave,butter,1.72,5.51,-2.82,-8.01
18/05/2025,Auckland,Paknsave,butter,1.87,5.58,8.72,1.27
19/05/2025,Auckland,Paknsave,butter,1.87,6.01,0.0,7.71
20/05/2025,Auckland,Paknsave,butter,1.72,5.51,-8.02,-8.32
21/05/2025,Auckland,Paknsave,butter,1.81,5.9,5.23,7.08
22/05/2025,Auckland,Paknsave,butter,1.77,5.53,-2.21,-6.27
23/05/2025,Auckland,Paknsave,butter,1.83,5.57,3.39,0.72
24/05/2025,Auckland,Paknsave,butter,1.88,5.91,2.73,6.1
25/05/2025,Auckland,Paknsave,butter,1.74,5.89,-7.45,-0.34
26/05/2025,Auckland,Paknsave,butter,1.81,5.81,4.02,-1.36
27/05/2025,Auckland,Paknsave,butter,1.86,5.97,2.76,2.75
28/05/2025,Auckland,Paknsave,butter,1.87,5.66,0.54,-5.19
29/05/2025,Auckland,Paknsave,butter,1.74,5.97,-6.95,5.48
30/05/2025,Auckland,Paknsave,butter,1.8,5.86,3.45,-1.84
31/05/2025,Auckland,Paknsave,butter,1.87,5.92,3.89,1.02
01/06/2025,Auckland,Paknsave,butter,1.82,5.52,-2.67,-6.76
02/06/2025,Auckland,Paknsave,butter,1.81,5.93,-0.55,7.43
03/06/2025,Auckland,Paknsave,butter,1.72,5.98,-4.97,0.84
04/06/2025,Auckland,Paknsave,butter,1.71,5.93,-0.58,-0.84
30/04/2025,Auckland,Paknsave,egg,6.79,11.65,,
01/05/2025,Auckland,Paknsave,egg,7.06,10.83,3.98,-7.04
02/05/2025,Auckland,Paknsave,egg,7.21,10.88,2.12,0.46
03/05/2025,Auckland,Paknsave,egg,6.98,10.92,-3.19,0.37
04/05/2025,Auckland,Paknsave,egg,7.33,10.87,5.01,-0.46
05/05/2025,Auckland,Paknsave,egg,7.14,11.18,-2.59,2.85
06/05/2025,Auckland,Paknsave,egg,7.01,11.4,-1.82,1.97
07/05/2025,Auckland,Paknsave,egg,6.73,11.81,-3.99,3.6
08/05/2025,Auckland,Paknsave,egg,7.1,11.55,5.5,-2.2
09/05/2025,Auckland,Paknsave,egg,6.95,11.43,-2.11,-1.04
10/05/2025,Auckland,Paknsave,egg,6.94,10.75,-0.14,-5.95
11/05/2025,Auckland,Paknsave,egg,7.03,10.91,1.3,1.49
12/05/2025,Auckland,Paknsave,egg,6.68,11.02,-4.98,1.01
13/05/2025,Auckland,Paknsave,egg,6.74,11.77,0.9,6.81
14/05/2025,Auckland,Paknsave,egg,6.88,11.82,2.08,0.42
15/05/2025,Auckland,Paknsave,egg,6.95,11.52,1.02,-2.54
16/05/2025,Auckland,Paknsave,egg,7.3,11.68,5.04,1.39
17/05/2025,Auckland,Paknsave,egg,6.96,11.75,-4.66,0.6
18/05/2025,Auckland,Paknsave,egg,6.91,11.05,-0.72,-5.96
19/05/2025,Auckland,Paknsave,egg,7.32,11.36,5.93,2.81
20/05/2025,Auckland,Paknsave,egg,6.72,11.63,-8.2,2.38
21/05/2025,Auckland,Paknsave,egg,6.74,11.53,0.3,-0.86
22/05/2025,Auckland,Paknsave,egg,6.95,11.82,3.12,2.52
23/05/2025,Auckland,Paknsave,egg,6.96,10.84,0.14,-8.29
24/05/2025,Auckland,Paknsave,egg,6.96,11.76,0.0,8.49
25/05/2025,Auckland,Paknsave,egg,7.17,10.9,3.02,-7.31
26/05/2025,Auckland,Paknsave,egg,7.05,11.48,-1.67,5.32
27/05/2025,Auckland,Paknsave,egg,7.1,11.79,0.71,2.7
28/05/2025,Auckland,Paknsave,egg,7.19,10.83,1.27,-8.14
29/05/2025,Auckland,Paknsave,egg,6.78,11.41,-5.7,5.36
30/05/2025,Auckland,Paknsave,egg,6.7,10.77,-1.18,-5.61
31/05/2025,Auckland,Paknsave,egg,7.09,11.78,5.82,9.38
01/06/2025,Auckland,Paknsave,egg,7.14,11.57,0.71,-1.78
02/06/2025,Auckland,Paknsave,egg,7.24,11.07,1.4,-4.32
03/06/2025,Auckland,Paknsave,egg,6.73,11.43,-7.04,3.25
04/06/2025,Auckland,Paknsave,egg,6.76,11.26,0.45,-1.49
30/04/2025,Auckland,Paknsave,milk,2.97,5.26,,
01/05/2025,Auckland,Paknsave,milk,2.95,4.95,-0.67,-5.89
02/05/2025,Auckland,Paknsave,milk,3.0,5.0,1.69,1.01
03/05/2025,Auckland,Paknsave,milk,2.95,4.92,-1.67,-1.6
04/05/2025,Auckland,Paknsave,milk,2.87,4.9,-2.71,-0.41
05/05/2025,Auckland,Paknsave,milk,3.05,4.86,6.27,-0.82
06/05/2025,Auckland,Paknsave,milk,2.98,5.22,-2.3,7.41
07/05/2025,Auckland,Paknsave,milk,2.89,5.11,-3.02,-2.11
08/05/2025,Auckland,Paknsave,milk,2.97,4.82,2.77,-5.68
09/05/2025,Auckland,Paknsave,milk,2.9,4.79,-2.36,-0.62
10/05/2025,Auckland,Paknsave,milk,2.82,4.97,-2.76,3.76
11/05/2025,Auckland,Paknsave,milk,2.96,4.79,4.96,-3.62
12/05/2025,Auckland,Paknsave,milk,2.97,5.2,0.34,8.56
13/05/2025,Auckland,Paknsave,milk,2.87,5.08,-3.37,-2.31
14/05/2025,Auckland,Paknsave,milk,2.83,5.19,-1.39,2.17
15/05/2025,Auckland,Paknsave,milk,2.95,4.92,4.24,-5.2
16/05/2025,Auckland,Paknsave,milk,2.99,5.2,1.36,5.69
17/05/2025,Auckland,Paknsave,milk,3.06,5.14,2.34,-1.15
18/05/2025,Auckland,Paknsave,milk,3.06,4.84,0.0,-5.84
19/05/2025,Auckland,Paknsave,milk,2.91,4.86,-4.9,0.41
20/05/2025,Auckland,Paknsave,milk,2.91,5.21,0.0,7.2
21/05/2025,Auckland,Paknsave,milk,2.94,5.23,1.03,0.38
22/05/2025,Auckland,Paknsave,milk,3.06,4.79,4.08,-8.41
23/05/2025,Auckland,Paknsave,milk,3.06,4.91,0.0,2.51
24/05/2025,Auckland,Paknsave,milk,2.8,5.03,-8.5,2.44
25/05/2025,Auckland,Paknsave,milk,2.84,4.94,1.43,-1.79
26/05/2025,Auckland,Paknsave,milk,3.04,4.89,7.04,-1.01
27/05/2025,Auckland,Paknsave,milk,2.96,4.91,-2.63,0.41
28/05/2025,Auckland,Paknsave,milk,3.01,4.91,1.69,0.0
29/05/2025,Auckland,Paknsave,milk,2.84,5.15,-5.65,4.89
30/05/2025,Auckland,Paknsave,milk,2.95,5.19,3.87,0.78
31/05/2025,Auckland,Paknsave,milk,3.07,5.17,4.07,-0.39
01/06/2025,Auckland,Paknsave,milk,3.07,5.05,0.0,-2.32
02/06/2025,Auckland,Paknsave,milk,2.96,5.02,-3.58,-0.59
03/06/2025,Auckland,Paknsave,milk,3.03,5.25,2.36,4.58
04/06/2025,Auckland,Paknsave,milk,3.02,4.97,-0.33,-5.33
30/04/2025,Christchurch,NewWorld,beef,20.4,24.3,,
01/05/2025,Christchurch,NewWorld,beef,19.91,25.95,-2.4,6.79
02/05/2025,Christchurch,NewWorld,beef,19.73,26.19,-0.9,0.92
03/05/2025,Christchurch,NewWorld,beef,19.93,26.24,1.01,0.19
04/05/2025,Christchurch,NewWorld,beef,20.93,24.93,5.02,-4.99
05/05/2025,Christchurch,NewWorld,beef,20.24,25.9,-3.3,3.89
06/05/2025,Christchurch,NewWorld,beef,20.29,25.81,0.25,-0.35
07/05/2025,Christchurch,NewWorld,beef,19.85,25.48,-2.17,-1.28
08/05/2025,Christchurch,NewWorld,beef,20.9,25.87,5.29,1.53
09/05/2025,Christchurch,NewWorld,beef,19.5,25.32,-6.7,-2.13
10/05/2025,Christchurch,NewWorld,beef,20.4,25.17,4.62,-0.59
11/05/2025,Christchurch,NewWorld,beef,21.49,25.55,5.34,1.51
12/05/2025,Christchurch,NewWorld,beef,21.4,26.18,-0.42,2.47
13/05/2025,Christchurch,NewWorld,beef,21.35,25.76,-0.23,-1.6
14/05/2025,Christchurch,NewWorld,beef,19.73,25.87,-7.59,0.43
15/05/2025,Christchurch,NewWorld,beef,20.73,26.26,5.07,1.51
16/05/2025,Christchurch,NewWorld,beef,19.66,26.25,-5.16,-0.04
17/05/2025,Christchurch,NewWorld,beef,20.15,24.62,2.49,-6.21
18/05/2025,Christchurch,NewWorld,beef,21.37,24.38,6.05,-0.97
19/05/2025,Christchurch,NewWorld,beef,19.64,25.88,-8.1,6.15
20/05/2025,Christchurch,NewWorld,beef,20.65,24.13,5.14,-6.76
21/05/2025,Christchurch,NewWorld,beef,20.86,25.85,1.02,7.13
22/05/2025,Christchurch,NewWorld,beef,20.89,25.76,0.14,-0.35
23/05/2025,Christchurch,NewWorld,beef,20.61,26.25,-1.34,1.9
24/05/2025,Christchurch,NewWorld,beef,21.21,25.94,2.91,-1.18
25/05/2025,Christchurch,NewWorld,beef,20.38,25.86,-3.91,-0.31
26/05/2025,Christchurch,NewWorld,beef,20.08,25.37,-1.47,-1.89
27/05/2025,Christchurch,NewWorld,beef,20.92,24.34,4.18,-4.06
28/05/2025,Christchurch,NewWorld,beef,21.28,25.36,1.72,4.19
29/05/2025,Christchurch,NewWorld,beef,20.94,25.03,-1.6,-1.3
30/05/2025,Christchurch,NewWorld,beef,21.42,25.29,2.29,1.04
31/05/2025,Christchurch,NewWorld,beef,20.21,25.98,-5.65,2.73
01/06/2025,Christchurch,NewWorld,beef,21.07,25.92,4.26,-0.23
02/06/2025,Christchurch,NewWorld,beef,21.41,24.18,1.61,-6.71
03/06/2025,Christchurch,NewWorld,beef,19.9,25.69,-7.05,6.24
04/06/2025,Christchurch,NewWorld,beef,20.53,26.52,3.17,3.23
30/04/2025,Christchurch,NewWorld,bread,1.51,2.98,,
01/05/2025,Christchurch,NewWorld,bread,1.46,3.06,-3.31,2.68
02/05/2025,Christchurch,NewWorld,bread,1.51,2.86,3.42,-6.54
03/05/2025,Christchurch,NewWorld,bread,1.52,2.86,0.66,0.0
04/05/2025,Christchurch,NewWorld,bread,1.47,3.11,-3.29,8.74
05/05/2025,Christchurch,NewWorld,bread,1.55,2.87,5.44,-7.72
06/05/2025,Christchurch,NewWorld,bread,1.42,2.94,-8.39,2.44
07/05/2025,Christchurch,NewWorld,bread,1.55,3.03,9.15,3.06
08/05/2025,Christchurch,NewWorld,bread,1.53,3.05,-1.29,0.66
09/05/2025,Christchurch,NewWorld,bread,1.45,2.83,-5.23,-7.21
10/05/2025,Christchurch,NewWorld,bread,1.43,2.96,-1.38,4.59
11/05/2025,Christchurch,NewWorld,bread,1.49,3.06,4.2,3.38
12/05/2025,Christchurch,NewWorld,bread,1.44,3.04,-3.36,-0.65
13/05/2025,Christchurch,NewWorld,bread,1.51,3.08,4.86,1.32
14/05/2025,Christchurch,NewWorld,bread,1.55,3.0,2.65,-2.6
15/05/2025,Christchurch,NewWorld,bread,1.45,2.91,-6.45,-3.0
16/05/2025,Christchurch,NewWorld,bread,1.53,2.87,5.52,-1.37
17/05/2025,Christchurch,NewWorld,bread,1.51,3.09,-1.31,7.67
18/05/2025,Christchurch,NewWorld,bread,1.51,2.88,0.0,-6.8
19/05/2025,Christchurch,NewWorld,bread,1.48,2.98,-1.99,3.47
20/05/2025,Christchurch,NewWorld,bread,1.53,3.0,3.38,0.67
21/05/2025,Christchurch,NewWorld,bread,1.43,3.1,-6.54,3.33
22/05/2025,Christchurch,NewWorld,bread,1.47,2.99,2.8,-3.55
23/05/2025,Christchurch,NewWorld,bread,1.52,3.05,3.4,2.01
24/05/2025,Christchurch,NewWorld,bread,1.42,2.83,-6.58,-7.21
25/05/2025,Christchurch,NewWorld,bread,1.48,3.05,4.23,7.77
26/05/2025,Christchurch,NewWorld,bread,1.53,3.08,3.38,0.98
27/05/2025,Christchurch,NewWorld,bread,1.46,2.87,-4.58,-6.82
28/05/2025,Christchurch,NewWorld,bread,1.43,3.1,-2.05,8.01
29/05/2025,Christchurch,NewWorld,bread,1.53,2.84,6.99,-8.39
30/05/2025,Christchurch,NewWorld,bread,1.46,2.84,-4.58,0.0
31/05/2025,Christchurch,NewWorld,bread,1.55,3.1,6.16,9.15
01/06/2025,Christchurch,NewWorld,bread,1.53,2.96,-1.29,-4.52
02/06/2025,Christchurch,NewWorld,bread,1.5,3.0,-1.96,1.35
03/06/2025,Christchurch,NewWorld,bread,1.56,3.09,4.0,3.0
04/06/2025,Christchurch,NewWorld,bread,1.5,2.84,-3.85,-8.09
30/04/2025,Christchurch,NewWorld,butter,2.9,7.85,,
01/05/2025,Christchurch,NewWorld,butter,3.02,8.49,4.14,8.15
02/05/2025,Christchurch,NewWorld,butter,3.0,7.97,-0.66,-6.12
03/05/2025,Christchurch,NewWorld,butter,2.88,7.92,-4.0,-0.63
04/05/2025,Christchurch,NewWorld,butter,2.93,8.35,1.74,5.43
05/05/2025,Christchurch,NewWorld,butter,2.95,8.31,0.68,-0.48
06/05/2025,Christchurch,NewWorld,butter,2.92,8.15,-1.02,-1.93
07/05/2025,Christchurch,NewWorld,butter,2.94,7.94,0.68,-2.58
08/05/2025,Christchurch,NewWorld,butter,2.87,8.01,-2.38,0.88
09/05/2025,Christchurch,NewWorld,butter,2.93,8.24,2.09,2.87
10/05/2025,Christchurch,NewWorld,butter,3.02,8.22,3.07,-0.24
11/05/2025,Christchurch,NewWorld,butter,3.03,7.96,0.33,-3.16
12/05/2025,Christchurch,NewWorld,butter,3.04,7.86,0.33,-1.26
13/05/2025,Christchurch,NewWorld,butter,2.87,7.95,-5.59,1.15
14/05/2025,Christchurch,NewWorld,butter,2.92,7.82,1.74,-1.64
15/05/2025,Christchurch,NewWorld,butter,2.99,8.13,2.4,3.96
16/05/2025,Christchurch,NewWorld,butter,3.06,8.08,2.34,-0.62
17/05/2025,Christchurch,NewWorld,butter,2.89,7.9,-5.56,-2.23
18/05/2025,Christchurch,NewWorld,butter,3.02,8.25,4.5,4.43
19/05/2025,Christchurch,NewWorld,butter,3.1,7.98,2.65,-3.27
20/05/2025,Christchurch,NewWorld,butter,3.02,7.84,-2.58,-1.75
21/05/2025,Christchurch,NewWorld,butter,2.88,8.43,-4.64,7.53
22/05/2025,Christchurch,NewWorld,butter,3.1,7.97,7.64,-5.46
23/05/2025,Christchurch,NewWorld,butter,3.02,8.58,-2.58,7.65
24/05/2025,Christchurch,NewWorld,butter,2.89,8.07,-4.3,-5.94
25/05/2025,Christchurch,NewWorld,butter,2.96,8.39,2.42,3.97
26/05/2025,Christchurch,NewWorld,butter,3.11,8.54,5.07,1.79
27/05/2025,Christchurch,NewWorld,butter,3.01,7.92,-3.22,-7.26
28/05/2025,Christchurch,NewWorld,butter,3.01,8.25,0.0,4.17
29/05/2025,Christchurch,NewWorld,butter,2.96,8.18,-1.66,-0.85
30/05/2025,Christchurch,NewWorld,butter,2.93,8.31,-1.01,1.59
31/05/2025,Christchurch,NewWorld,butter,3.01,8.45,2.73,1.68
01/06/2025,Christchurch,NewWorld,butter,3.1,7.82,2.99,-7.46
02/06/2025,Christchurch,NewWorld,butter,3.1,8.55,0.0,9.34
03/06/2025,Christchurch,NewWorld,butter,2.86,8.05,-7.74,-5.85
04/06/2025,Christchurch,NewWorld,butter,3.01,7.84,5.24,-2.61
30/04/2025,Christchurch,NewWorld,egg,9.37,11.01,,
01/05/2025,Christchurch,NewWorld,egg,9.7,11.1,3.52,0.82
02/05/2025,Christchurch,NewWorld,egg,9.7,10.47,0.0,-5.68
03/05/2025,Christchurch,NewWorld,egg,9.1,10.65,-6.19,1.72
04/05/2025,Christchurch,NewWorld,egg,9.13,11.04,0.33,3.66
05/05/2025,Christchurch,NewWorld,egg,9.81,10.62,7.45,-3.8
06/05/2025,Christchurch,NewWorld,egg,9.08,10.67,-7.44,0.47
07/05/2025,Christchurch,NewWorld,egg,9.23,10.98,1.65,2.91
08/05/2025,Christchurch,NewWorld,egg,9.05,10.28,-1.95,-6.38
09/05/2025,Christchurch,NewWorld,egg,9.29,11.16,2.65,8.56
10/05/2025,Christchurch,NewWorld,egg,9.09,10.54,-2.15,-5.56
11/05/2025,Christchurch,NewWorld,egg,9.58,11.23,5.39,6.55
12/05/2025,Christchurch,NewWorld,egg,9.65,11.0,0.73,-2.05
13/05/2025,Christchurch,NewWorld,egg,9.92,11.04,2.8,0.36
14/05/2025,Christchurch,NewWorld,egg,9.61,10.35,-3.12,-6.25
15/05/2025,Christchurch,NewWorld,egg,9.08,11.07,-5.52,6.96
16/05/2025,Christchurch,NewWorld,egg,9.51,11.19,4.74,1.08
17/05/2025,Christchurch,NewWorld,egg,9.17,10.3,-3.58,-7.95
18/05/2025,Christchurch,NewWorld,egg,9.5,10.44,3.6,1.36
19/05/2025,Christchurch,NewWorld,egg,9.17,10.64,-3.47,1.92
20/05/2025,Christchurch,NewWorld,egg,9.25,11.04,0.87,3.76
21/05/2025,Christchurch,NewWorld,egg,9.8,10.27,5.95,-6.97
22/05/2025,Christchurch,NewWorld,egg,9.39,11.06,-4.18,7.69
23/05/2025,Christchurch,NewWorld,egg,9.96,11.29,6.07,2.08
24/05/2025,Christchurch,NewWorld,egg,9.3,10.61,-6.63,-6.02
25/05/2025,Christchurch,NewWorld,egg,9.4,11.2,1.08,5.56
26/05/2025,Christchurch,NewWorld,egg,9.51,11.2,1.17,0.0
27/05/2025,Christchurch,NewWorld,egg,9.57,10.45,0.63,-6.7
28/05/2025,Christchurch,NewWorld,egg,9.72,10.91,1.57,4.4
29/05/2025,Christchurch,NewWorld,egg,9.47,10.26,-2.57,-5.96
30/05/2025,Christchurch,NewWorld,egg,9.87,10.49,4.22,2.24
31/05/2025,Christchurch,NewWorld,egg,9.94,10.46,0.71,-0.29
01/06/2025,Christchurch,NewWorld,egg,9.89,10.75,-0.5,2.77
02/06/2025,Christchurch,NewWorld,egg,9.06,10.97,-8.39,2.05
03/06/2025,Christchurch,NewWorld,egg,9.83,11.16,8.5,1.73
04/06/2025,Christchurch,NewWorld,egg,9.9,11.07,0.71,-0.81
30/04/2025,Christchurch,NewWorld,milk,3.07,4.68,,
01/05/2025,Christchurch,NewWorld,milk,2.89,4.92,-5.86,5.13
02/05/2025,Christchurch,NewWorld,milk,2.93,5.02,1.38,2.03
03/05/2025,Christchurch,NewWorld,milk,2.89,4.96,-1.37,-1.2
04/05/2025,Christchurch,NewWorld,milk,2.9,4.8,0.35,-3.23
05/05/2025,Christchurch,NewWorld,milk,2.98,4.96,2.76,3.33
06/05/2025,Christchurch,NewWorld,milk,2.98,4.87,0.0,-1.81
07/05/2025,Christchurch,NewWorld,milk,3.01,4.58,1.01,-5.95
08/05/2025,Christchurch,NewWorld,milk,3.09,5.03,2.66,9.83
09/05/2025,Christchurch,NewWorld,milk,2.98,4.72,-3.56,-6.16
10/05/2025,Christchurch,NewWorld,milk,2.83,4.99,-5.03,5.72
11/05/2025,Christchurch,NewWorld,milk,3.07,4.66,8.48,-6.61
12/05/2025,Christchurch,NewWorld,milk,2.86,4.85,-6.84,4.08
13/05/2025,Christchurch,NewWorld,milk,3.04,4.68,6.29,-3.51
14/05/2025,Christchurch,NewWorld,milk,3.08,4.69,1.32,0.21
15/05/2025,Christchurch,NewWorld,milk,3.0,4.97,-2.6,5.97
16/05/2025,Christchurch,NewWorld,milk,3.05,4.67,1.67,-6.04
17/05/2025,Christchurch,NewWorld,milk,2.88,4.71,-5.57,0.86
18/05/2025,Christchurch,NewWorld,milk,2.97,4.69,3.12,-0.42
19/05/2025,Christchurch,NewWorld,milk,2.82,4.6,-5.05,-1.92
20/05/2025,Christchurch,NewWorld,milk,2.96,4.66,4.96,1.3
21/05/2025,Christchurch,NewWorld,milk,2.84,4.59,-4.05,-1.5
22/05/2025,Christchurch,NewWorld,milk,2.86,4.71,0.7,2.61
23/05/2025,Christchurch,NewWorld,milk,2.84,4.58,-0.7,-2.76
24/05/2025,Christchurch,NewWorld,milk,2.92,4.58,2.82,0.0
25/05/2025,Christchurch,NewWorld,milk,2.92,4.56,0.0,-0.44
26/05/2025,Christchurch,NewWorld,milk,3.02,4.84,3.42,6.14
27/05/2025,Christchurch,NewWorld,milk,2.88,5.01,-4.64,3.51
28/05/2025,Christchurch,NewWorld,milk,3.04,4.81,5.56,-3.99
29/05/2025,Christchurch,NewWorld,milk,2.94,4.78,-3.29,-0.62
30/05/2025,Christchurch,NewWorld,milk,2.96,4.67,0.68,-2.3
31/05/2025,Christchurch,NewWorld,milk,3.06,4.58,3.38,-1.93
01/06/2025,Christchurch,NewWorld,milk,2.92,4.85,-4.58,5.9
02/06/2025,Christchurch,NewWorld,milk,3.0,4.83,2.74,-0.41
03/06/2025,Christchurch,NewWorld,milk,2.98,4.84,-0.67,0.21
04/06/2025,Christchurch,NewWorld,milk,2.97,4.82,-0.34,-0.41
30/04/2025,Christchurch,Paknsave,beef,18.87,24.77,,
01/05/2025,Christchurch,Paknsave,beef,19.99,25.27,5.94,2.02
02/05/2025,Christchurch,Paknsave,beef,18.39,26.0,-8.0,2.89
03/05/2025,Christchurch,Paknsave,beef,18.71,24.71,1.74,-4.96
04/05/2025,Christchurch,Paknsave,beef,19.7,26.05,5.29,5.42
05/05/2025,Christchurch,Paknsave,beef,19.37,26.71,-1.68,2.53
06/05/2025,Christchurch,Paknsave,beef,18.41,25.27,-4.96,-5.39
07/05/2025,Christchurch,Paknsave,beef,19.78,24.62,7.44,-2.57
08/05/2025,Christchurch,Paknsave,beef,19.13,25.6,-3.29,3.98
09/05/2025,Christchurch,Paknsave,beef,19.32,26.12,0.99,2.03
10/05/2025,Christchurch,Paknsave,beef,19.2,26.23,-0.62,0.42
11/05/2025,Christchurch,Paknsave,beef,19.63,25.87,2.24,-1.37
12/05/2025,Christchurch,Paknsave,beef,19.09,26.24,-2.75,1.43
13/05/2025,Christchurch,Paknsave,beef,18.47,26.17,-3.25,-0.27
14/05/2025,Christchurch,Paknsave,beef,19.08,26.68,3.3,1.95
15/05/2025,Christchurch,Paknsave,beef,19.17,25.13,0.47,-5.81
16/05/2025,Christchurch,Paknsave,beef,18.54,26.38,-3.29,4.97
17/05/2025,Christchurch,Paknsave,beef,19.87,25.3,7.17,-4.09
18/05/2025,Christchurch,Paknsave,beef,18.64,24.57,-6.19,-2.89
19/05/2025,Christchurch,Paknsave,beef,18.93,25.21,1.56,2.6
20/05/2025,Christchurch,Paknsave,beef,18.88,24.77,-0.26,-1.75
21/05/2025,Christchurch,Paknsave,beef,20.15,25.46,6.73,2.79
22/05/2025,Christchurch,Paknsave,beef,19.19,25.89,-4.76,1.69
23/05/2025,Christchurch,Paknsave,beef,19.33,25.35,0.73,-2.09
24/05/2025,Christchurch,Paknsave,beef,19.15,24.83,-0.93,-2.05
25/05/2025,Christchurch,Paknsave,beef,19.44,25.81,1.51,3.95
26/05/2025,Christchurch,Paknsave,beef,19.68,25.59,1.23,-0.85
27/05/2025,Christchurch,Paknsave,beef,20.18,26.02,2.54,1.68
28/05/2025,Christchurch,Paknsave,beef,18.52,24.84,-8.23,-4.53
29/05/2025,Christchurch,Paknsave,beef,20.18,24.51,8.96,-1.33
30/05/2025,Christchurch,Paknsave,beef,19.57,24.47,-3.02,-0.16
31/05/2025,Christchurch,Paknsave,beef,18.96,24.79,-3.12,1.31
01/06/2025,Christchurch,Paknsave,beef,18.97,26.63,0.05,7.42
02/06/2025,Christchurch,Paknsave,beef,19.16,25.87,1.0,-2.85
03/06/2025,Christchurch,Paknsave,beef,19.95,25.42,4.12,-1.74
04/06/2025,Christchurch,Paknsave,beef,19.82,25.36,-0.65,-0.24
30/04/2025,Christchurch,Paknsave,bread,1.4,2.98,,
01/05/2025,Christchurch,Paknsave,bread,1.39,2.82,-0.71,-5.37
02/05/2025,Christchurch,Paknsave,bread,1.37,2.88,-1.44,2.13
03/05/2025,Christchurch,Paknsave,bread,1.38,2.76,0.73,-4.17
04/05/2025,Christchurch,Paknsave,bread,1.33,2.97,-3.62,7.61
05/05/2025,Christchurch,Paknsave,bread,1.38,2.82,3.76,-5.05
06/05/2025,Christchurch,Paknsave,bread,1.35,2.84,-2.17,0.71
07/05/2025,Christchurch,Paknsave,bread,1.4,2.93,3.7,3.17
08/05/2025,Christchurch,Paknsave,bread,1.36,2.76,-2.86,-5.8
09/05/2025,Christchurch,Paknsave,bread,1.44,2.77,5.88,0.36
10/05/2025,Christchurch,Paknsave,bread,1.34,3.01,-6.94,8.66
11/05/2025,Christchurch,Paknsave,bread,1.34,3.0,0.0,-0.33
12/05/2025,Christchurch,Paknsave,bread,1.36,2.98,1.49,-0.67
13/05/2025,Christchurch,Paknsave,bread,1.46,2.92,7.35,-2.01
14/05/2025,Christchurch,Paknsave,bread,1.32,2.83,-9.59,-3.08
15/05/2025,Christchurch,Paknsave,bread,1.32,3.01,0.0,6.36
16/05/2025,Christchurch,Paknsave,bread,1.37,2.91,3.79,-3.32
17/05/2025,Christchurch,Paknsave,bread,1.37,2.92,0.0,0.34
18/05/2025,Christchurch,Paknsave,bread,1.41,2.89,2.92,-1.03
19/05/2025,Christchurch,Paknsave,bread,1.4,2.93,-0.71,1.38
20/05/2025,Christchurch,Paknsave,bread,1.34,2.89,-4.29,-1.37
21/05/2025,Christchurch,Paknsave,bread,1.33,2.97,-0.75,2.77
22/05/2025,Christchurch,Paknsave,bread,1.45,3.0,9.02,1.01
23/05/2025,Christchurch,Paknsave,bread,1.46,3.01,0.69,0.33
24/05/2025,Christchurch,Paknsave,bread,1.32,2.77,-9.59,-7.97
25/05/2025,Christchurch,Paknsave,bread,1.43,2.93,8.33,5.78
26/05/2025,Christchurch,Paknsave,bread,1.35,2.87,-5.59,-2.05
27/05/2025,Christchurch,Paknsave,bread,1.33,2.97,-1.48,3.48
28/05/2025,Christchurch,Paknsave,bread,1.39,3.01,4.51,1.35
29/05/2025,Christchurch,Paknsave,bread,1.41,2.91,1.44,-3.32
30/05/2025,Christchurch,Paknsave,bread,1.42,2.98,0.71,2.41
31/05/2025,Christchurch,Paknsave,bread,1.45,2.79,2.11,-6.38
01/06/2025,Christchurch,Paknsave,bread,1.36,2.97,-6.21,6.45
02/06/2025,Christchurch,Paknsave,bread,1.37,2.83,0.74,-4.71
03/06/2025,Christchurch,Paknsave,bread,1.45,2.81,5.84,-0.71
04/06/2025,Christchurch,Paknsave,bread,1.37,3.0,-5.52,6.76
30/04/2025,Christchurch,Paknsave,butter,2.7,6.34,,
01/05/2025,Christchurch,Paknsave,butter,2.79,6.19,3.33,-2.37
02/05/2025,Christchurch,Paknsave,butter,2.9,6.4,3.94,3.39
03/05/2025,Christchurch,Paknsave,butter,2.74,6.42,-5.52,0.31
04/05/2025,Christchurch,Paknsave,butter,2.72,6.47,-0.73,0.78
05/05/2025,Christchurch,Paknsave,butter,2.93,6.56,7.72,1.39
06/05/2025,Christchurch,Paknsave,butter,2.78,6.13,-5.12,-6.55
07/05/2025,Christchurch,Paknsave,butter,2.85,6.2,2.52,1.14
08/05/2025,Christchurch,Paknsave,butter,2.91,6.09,2.11,-1.77
09/05/2025,Christchurch,Paknsave,butter,2.68,6.26,-7.9,2.79
10/05/2025,Christchurch,Paknsave,butter,2.72,6.07,1.49,-3.04
11/05/2025,Christchurch,Paknsave,butter,2.71,6.15,-0.37,1.32
12/05/2025,Christchurch,Paknsave,butter,2.86,6.01,5.54,-2.28
13/05/2025,Christchurch,Paknsave,butter,2.77,6.37,-3.15,5.99
14/05/2025,Christchurch,Paknsave,butter,2.93,6.31,5.78,-0.94
15/05/2025,Christchurch,Paknsave,butter,2.92,6.37,-0.34,0.95
16/05/2025,Christchurch,Paknsave,butter,2.77,6.52,-5.14,2.35
17/05/2025,Christchurch,Paknsave,butter,2.7,6.09,-2.53,-6.6
18/05/2025,Christchurch,Paknsave,butter,2.87,6.19,6.3,1.64
19/05/2025,Christchurch,Paknsave,butter,2.91,6.31,1.39,1.94
20/05/2025,Christchurch,Paknsave,butter,2.77,6.22,-4.81,-1.43
21/05/2025,Christchurch,Paknsave,butter,2.84,6.1,2.53,-1.93
22/05/2025,Christchurch,Paknsave,butter,2.69,6.45,-5.28,5.74
23/05/2025,Christchurch,Paknsave,butter,2.86,6.6,6.32,2.33
24/05/2025,Christchurch,Paknsave,butter,2.69,6.51,-5.94,-1.36
25/05/2025,Christchurch,Paknsave,butter,2.66,6.24,-1.12,-4.15
26/05/2025,Christchurch,Paknsave,butter,2.78,6.36,4.51,1.92
27/05/2025,Christchurch,Paknsave,butter,2.85,6.49,2.52,2.04
28/05/2025,Christchurch,Paknsave,butter,2.67,6.28,-6.32,-3.24
29/05/2025,Christchurch,Paknsave,butter,2.82,6.02,5.62,-4.14
30/05/2025,Christchurch,Paknsave,butter,2.9,6.21,2.84,3.16
31/05/2025,Christchurch,Paknsave,butter,2.75,6.23,-5.17,0.32
01/06/2025,Christchurch,Paknsave,butter,2.76,6.02,0.36,-3.37
02/06/2025,Christchurch,Paknsave,butter,2.66,6.23,-3.62,3.49
03/06/2025,Christchurch,Paknsave,butter,2.85,6.48,7.14,4.01
04/06/2025,Christchurch,Paknsave,butter,2.66,6.07,-6.67,-6.33
30/04/2025,Christchurch,Paknsave,egg,7.63,8.3,,
01/05/2025,Christchurch,Paknsave,egg,7.03,8.68,-7.86,4.58
02/05/2025,Christchurch,Paknsave,egg,6.93,8.75,-1.42,0.81
03/05/2025,Christchurch,Paknsave,egg,7.63,8.3,10.1,-5.14
04/05/2025,Christchurch,Paknsave,egg,7.32,8.62,-4.06,3.86
05/05/2025,Christchurch,Paknsave,egg,7.63,8.14,4.23,-5.57
06/05/2025,Christchurch,Paknsave,egg,7.62,8.2,-0.13,0.74
07/05/2025,Christchurch,Paknsave,egg,7.34,8.13,-3.67,-0.85
08/05/2025,Christchurch,Paknsave,egg,7.44,8.56,1.36,5.29
09/05/2025,Christchurch,Paknsave,egg,7.57,8.18,1.75,-4.44
10/05/2025,Christchurch,Paknsave,egg,7.25,8.81,-4.23,7.7
11/05/2025,Christchurch,Paknsave,egg,7.6,8.35,4.83,-5.22
12/05/2025,Christchurch,Paknsave,egg,7.23,8.51,-4.87,1.92
13/05/2025,Christchurch,Paknsave,egg,7.65,8.32,5.81,-2.23
14/05/2025,Christchurch,Paknsave,egg,7.14,8.05,-6.67,-3.25
15/05/2025,Christchurch,Paknsave,egg,7.59,8.16,6.3,1.37
16/05/2025,Christchurch,Paknsave,egg,7.41,8.2,-2.37,0.49
17/05/2025,Christchurch,Paknsave,egg,7.28,8.81,-1.75,7.44
18/05/2025,Christchurch,Paknsave,egg,7.39,8.34,1.51,-5.33
19/05/2025,Christchurch,Paknsave,egg,7.48,8.69,1.22,4.2
20/05/2025,Christchurch,Paknsave,egg,7.43,8.16,-0.67,-6.1
21/05/2025,Christchurch,Paknsave,egg,7.61,8.42,2.42,3.19
22/05/2025,Christchurch,Paknsave,egg,7.11,8.74,-6.57,3.8
23/05/2025,Christchurch,Paknsave,egg,7.17,8.21,0.84,-6.06
24/05/2025,Christchurch,Paknsave,egg,7.47,8.54,4.18,4.02
25/05/2025,Christchurch,Paknsave,egg,7.34,8.4,-1.74,-1.64
26/05/2025,Christchurch,Paknsave,egg,7.51,8.38,2.32,-0.24
27/05/2025,Christchurch,Paknsave,egg,7.26,8.41,-3.33,0.36
28/05/2025,Christchurch,Paknsave,egg,7.02,8.23,-3.31,-2.14
29/05/2025,Christchurch,Paknsave,egg,7.09,8.26,1.0,0.36
30/05/2025,Christchurch,Paknsave,egg,7.59,8.41,7.05,1.82
31/05/2025,Christchurch,Paknsave,egg,7.08,8.27,-6.72,-1.66
01/06/2025,Christchurch,Paknsave,egg,7.16,8.34,1.13,0.85
02/06/2025,Christchurch,Paknsave,egg,7.4,8.23,3.35,-1.32
03/06/2025,Christchurch,Paknsave,egg,7.0,8.13,-5.41,-1.22
04/06/2025,Christchurch,Paknsave,egg,7.46,8.32,6.57,2.34
30/04/2025,Christchurch,Paknsave,milk,2.93,4.32,,
01/05/2025,Christchurch,Paknsave,milk,2.96,4.44,1.02,2.78
02/05/2025,Christchurch,Paknsave,milk,2.8,4.45,-5.41,0.23
03/05/2025,Christchurch,Paknsave,milk,2.77,4.51,-1.07,1.35
04/05/2025,Christchurch,Paknsave,milk,2.79,4.49,0.72,-0.44
05/05/2025,Christchurch,Paknsave,milk,2.97,4.49,6.45,0.0
06/05/2025,Christchurch,Paknsave,milk,2.8,4.34,-5.72,-3.34
07/05/2025,Christchurch,Paknsave,milk,2.73,4.44,-2.5,2.3
08/05/2025,Christchurch,Paknsave,milk,2.93,4.43,7.33,-0.23
09/05/2025,Christchurch,Paknsave,milk,2.75,4.43,-6.14,0.0
10/05/2025,Christchurch,Paknsave,milk,2.75,4.45,0.0,0.45
11/05/2025,Christchurch,Paknsave,milk,2.84,4.35,3.27,-2.25
12/05/2025,Christchurch,Paknsave,milk,2.9,4.54,2.11,4.37
13/05/2025,Christchurch,Paknsave,milk,2.78,4.58,-4.14,0.88
14/05/2025,Christchurch,Paknsave,milk,2.91,4.56,4.68,-0.44
15/05/2025,Christchurch,Paknsave,milk,2.8,4.6,-3.78,0.88
16/05/2025,Christchurch,Paknsave,milk,2.95,4.44,5.36,-3.48
17/05/2025,Christchurch,Paknsave,milk,2.86,4.57,-3.05,2.93
18/05/2025,Christchurch,Paknsave,milk,2.94,4.64,2.8,1.53
19/05/2025,Christchurch,Paknsave,milk,2.88,4.49,-2.04,-3.23
20/05/2025,Christchurch,Paknsave,milk,2.84,4.64,-1.39,3.34
21/05/2025,Christchurch,Paknsave,milk,2.97,4.7,4.58,1.29
22/05/2025,Christchurch,Paknsave,milk,2.76,4.31,-7.07,-8.3
23/05/2025,Christchurch,Paknsave,milk,2.98,4.36,7.97,1.16
24/05/2025,Christchurch,Paknsave,milk,2.88,4.55,-3.36,4.36
25/05/2025,Christchurch,Paknsave,milk,2.89,4.56,0.35,0.22
26/05/2025,Christchurch,Paknsave,milk,2.81,4.57,-2.77,0.22
27/05/2025,Christchurch,Paknsave,milk,2.98,4.3,6.05,-5.91
28/05/2025,Christchurch,Paknsave,milk,2.9,4.53,-2.68,5.35
29/05/2025,Christchurch,Paknsave,milk,2.75,4.7,-5.17,3.75
30/05/2025,Christchurch,Paknsave,milk,2.93,4.6,6.55,-2.13
31/05/2025,Christchurch,Paknsave,milk,2.82,4.3,-3.75,-6.52
01/06/2025,Christchurch,Paknsave,milk,2.8,4.54,-0.71,5.58
02/06/2025,Christchurch,Paknsave,milk,2.85,4.45,1.79,-1.98
03/06/2025,Christchurch,Paknsave,milk,2.75,4.6,-3.51,3.37
04/06/2025,Christchurch,Paknsave,milk,2.97,4.7,8.0,2.17
30/04/2025,Wellington,NewWorld,beef,18.34,26.31,,
01/05/2025,Wellington,NewWorld,beef,17.12,25.37,-6.65,-3.57
02/05/2025,Wellington,NewWorld,beef,18.61,24.15,8.7,-4.81
03/05/2025,Wellington,NewWorld,beef,18.67,25.3,0.32,4.76
04/05/2025,Wellington,NewWorld,beef,17.71,24.22,-5.14,-4.27
05/05/2025,Wellington,NewWorld,beef,18.38,24.75,3.78,2.19
06/05/2025,Wellington,NewWorld,beef,18.62,26.03,1.31,5.17
07/05/2025,Wellington,NewWorld,beef,18.21,25.2,-2.2,-3.19
08/05/2025,Wellington,NewWorld,beef,17.57,26.44,-3.51,4.92
09/05/2025,Wellington,NewWorld,beef,18.11,24.9,3.07,-5.82
10/05/2025,Wellington,NewWorld,beef,18.86,25.22,4.14,1.29
11/05/2025,Wellington,NewWorld,beef,17.61,25.69,-6.63,1.86
12/05/2025,Wellington,NewWorld,beef,18.65,24.45,5.91,-4.83
13/05/2025,Wellington,NewWorld,beef,17.72,26.44,-4.99,8.14
14/05/2025,Wellington,NewWorld,beef,18.56,26.35,4.74,-0.34
15/05/2025,Wellington,NewWorld,beef,17.15,26.13,-7.6,-0.83
16/05/2025,Wellington,NewWorld,beef,17.37,26.32,1.28,0.73
17/05/2025,Wellington,NewWorld,beef,18.53,25.91,6.68,-1.56
18/05/2025,Wellington,NewWorld,beef,18.62,24.87,0.49,-4.01
19/05/2025,Wellington,NewWorld,beef,18.44,26.39,-0.97,6.11
20/05/2025,Wellington,NewWorld,beef,17.22,24.94,-6.62,-5.49
21/05/2025,Wellington,NewWorld,beef,17.15,25.83,-0.41,3.57
22/05/2025,Wellington,NewWorld,beef,17.34,24.37,1.11,-5.65
23/05/2025,Wellington,NewWorld,beef,17.36,25.54,0.12,4.8
24/05/2025,Wellington,NewWorld,beef,18.55,25.29,6.85,-0.98
25/05/2025,Wellington,NewWorld,beef,18.21,23.95,-1.83,-5.3
26/05/2025,Wellington,NewWorld,beef,17.44,24.28,-4.23,1.38
27/05/2025,Wellington,NewWorld,beef,18.66,24.83,7.0,2.27
28/05/2025,Wellington,NewWorld,beef,17.74,24.8,-4.93,-0.12
29/05/2025,Wellington,NewWorld,beef,17.56,25.14,-1.01,1.37
30/05/2025,Wellington,NewWorld,beef,18.55,25.69,5.64,2.19
31/05/2025,Wellington,NewWorld,beef,17.36,26.11,-6.42,1.63
01/06/2025,Wellington,NewWorld,beef,18.84,24.67,8.53,-5.52
02/06/2025,Wellington,NewWorld,beef,17.52,25.75,-7.01,4.38
03/06/2025,Wellington,NewWorld,beef,18.25,25.06,4.17,-2.68
04/06/2025,Wellington,NewWorld,beef,17.36,24.42,-4.88,-2.55
30/04/2025,Wellington,NewWorld,bread,1.47,3.12,,
01/05/2025,Wellington,NewWorld,bread,1.49,2.97,1.36,-4.81
02/05/2025,Wellington,NewWorld,bread,1.55,3.11,4.03,4.71
03/05/2025,Wellington,NewWorld,bread,1.52,2.94,-1.94,-5.47
04/05/2025,Wellington,NewWorld,bread,1.47,3.06,-3.29,4.08
05/05/2025,Wellington,NewWorld,bread,1.47,3.17,0.0,3.59
06/05/2025,Wellington,NewWorld,bread,1.55,2.99,5.44,-5.68
07/05/2025,Wellington,NewWorld,bread,1.44,3.04,-7.1,1.67
08/05/2025,Wellington,NewWorld,bread,1.44,2.94,0.0,-3.29
09/05/2025,Wellington,NewWorld,bread,1.42,3.02,-1.39,2.72
10/05/2025,Wellington,NewWorld,bread,1.51,2.98,6.34,-1.32
11/05/2025,Wellington,NewWorld,bread,1.43,2.92,-5.3,-2.01
12/05/2025,Wellington,NewWorld,bread,1.43,2.97,0.0,1.71
13/05/2025,Wellington,NewWorld,bread,1.45,3.13,1.4,5.39
14/05/2025,Wellington,NewWorld,bread,1.46,3.07,0.69,-1.92
15/05/2025,Wellington,NewWorld,bread,1.49,3.15,2.05,2.61
16/05/2025,Wellington,NewWorld,bread,1.5,3.08,0.67,-2.22
17/05/2025,Wellington,NewWorld,bread,1.51,2.9,0.67,-5.84
18/05/2025,Wellington,NewWorld,bread,1.56,3.19,3.31,10.0
19/05/2025,Wellington,NewWorld,bread,1.48,2.95,-5.13,-7.52
20/05/2025,Wellington,NewWorld,bread,1.45,3.14,-2.03,6.44
21/05/2025,Wellington,NewWorld,bread,1.53,3.14,5.52,0.0
22/05/2025,Wellington,NewWorld,bread,1.44,2.92,-5.88,-7.01
23/05/2025,Wellington,NewWorld,bread,1.46,2.97,1.39,1.71
24/05/2025,Wellington,NewWorld,bread,1.48,3.16,1.37,6.4
25/05/2025,Wellington,NewWorld,bread,1.51,3.06,2.03,-3.16
26/05/2025,Wellington,NewWorld,bread,1.42,3.1,-5.96,1.31
27/05/2025,Wellington,NewWorld,bread,1.55,3.2,9.15,3.23
28/05/2025,Wellington,NewWorld,bread,1.52,3.02,-1.94,-5.63
29/05/2025,Wellington,NewWorld,bread,1.45,3.09,-4.61,2.32
30/05/2025,Wellington,NewWorld,bread,1.42,2.91,-2.07,-5.83
31/05/2025,Wellington,NewWorld,bread,1.42,3.13,0.0,7.56
01/06/2025,Wellington,NewWorld,bread,1.44,3.05,1.41,-2.56
02/06/2025,Wellington,NewWorld,bread,1.54,3.04,6.94,-0.33
03/06/2025,Wellington,NewWorld,bread,1.49,2.94,-3.25,-3.29
04/06/2025,Wellington,NewWorld,bread,1.43,3.09,-4.03,5.1
30/04/2025,Wellington,NewWorld,butter,3.96,7.62,,
01/05/2025,Wellington,NewWorld,butter,3.6,7.91,-9.09,3.81
02/05/2025,Wellington,NewWorld,butter,3.61,7.61,0.28,-3.79
03/05/2025,Wellington,NewWorld,butter,3.65,8.05,1.11,5.78
04/05/2025,Wellington,NewWorld,butter,3.8,7.54,4.11,-6.34
05/05/2025,Wellington,NewWorld,butter,3.86,7.57,1.58,0.4
06/05/2025,Wellington,NewWorld,butter,3.92,7.73,1.55,2.11
07/05/2025,Wellington,NewWorld,butter,3.79,7.46,-3.32,-3.49
08/05/2025,Wellington,NewWorld,butter,3.61,7.73,-4.75,3.62
09/05/2025,Wellington,NewWorld,butter,3.69,7.9,2.22,2.2
10/05/2025,Wellington,NewWorld,butter,3.97,7.78,7.59,-1.52
11/05/2025,Wellington,NewWorld,butter,3.77,8.07,-5.04,3.73
12/05/2025,Wellington,NewWorld,butter,3.63,7.9,-3.71,-2.11
13/05/2025,Wellington,NewWorld,butter,3.95,8.09,8.82,2.41
14/05/2025,Wellington,NewWorld,butter,3.88,7.55,-1.77,-6.67
15/05/2025,Wellington,NewWorld,butter,3.69,8.03,-4.9,6.36
16/05/2025,Wellington,NewWorld,butter,3.85,8.16,4.34,1.62
17/05/2025,Wellington,NewWorld,butter,3.76,7.95,-2.34,-2.57
18/05/2025,Wellington,NewWorld,butter,3.72,7.85,-1.06,-1.26
19/05/2025,Wellington,NewWorld,butter,3.76,7.61,1.08,-3.06
20/05/2025,Wellington,NewWorld,butter,3.73,7.78,-0.8,2.23
21/05/2025,Wellington,NewWorld,butter,3.89,7.85,4.29,0.9
22/05/2025,Wellington,NewWorld,butter,3.84,7.58,-1.29,-3.44
23/05/2025,Wellington,NewWorld,butter,3.81,7.44,-0.78,-1.85
24/05/2025,Wellington,NewWorld,butter,3.77,8.06,-1.05,8.33
25/05/2025,Wellington,NewWorld,butter,3.96,7.66,5.04,-4.96
26/05/2025,Wellington,NewWorld,butter,3.94,7.52,-0.51,-1.83
27/05/2025,Wellington,NewWorld,butter,3.7,7.93,-6.09,5.45
28/05/2025,Wellington,NewWorld,butter,3.74,7.45,1.08,-6.05
29/05/2025,Wellington,NewWorld,butter,3.81,8.2,1.87,10.07
30/05/2025,Wellington,NewWorld,butter,3.66,7.59,-3.94,-7.44
31/05/2025,Wellington,NewWorld,butter,3.64,7.85,-0.55,3.43
01/06/2025,Wellington,NewWorld,butter,3.88,7.58,6.59,-3.44
02/06/2025,Wellington,NewWorld,butter,3.75,8.09,-3.35,6.73
03/06/2025,Wellington,NewWorld,butter,3.69,8.0,-1.6,-1.11
04/06/2025,Wellington,NewWorld,butter,3.71,7.57,0.54,-5.37
30/04/2025,Wellington,NewWorld,egg,6.08,9.38,,
01/05/2025,Wellington,NewWorld,egg,6.05,9.97,-0.49,6.29
02/05/2025,Wellington,NewWorld,egg,5.73,9.56,-5.29,-4.11
03/05/2025,Wellington,NewWorld,egg,6.15,9.43,7.33,-1.36
04/05/2025,Wellington,NewWorld,egg,5.87,9.93,-4.55,5.3
05/05/2025,Wellington,NewWorld,egg,6.21,9.62,5.79,-3.12
06/05/2025,Wellington,NewWorld,egg,5.71,9.77,-8.05,1.56
07/05/2025,Wellington,NewWorld,egg,6.2,10.03,8.58,2.66
08/05/2025,Wellington,NewWorld,egg,5.75,10.17,-7.26,1.4
09/05/2025,Wellington,NewWorld,egg,5.71,9.97,-0.7,-1.97
10/05/2025,Wellington,NewWorld,egg,6.17,9.83,8.06,-1.4
11/05/2025,Wellington,NewWorld,egg,5.75,10.03,-6.81,2.03
12/05/2025,Wellington,NewWorld,egg,6.29,10.18,9.39,1.5
13/05/2025,Wellington,NewWorld,egg,6.01,9.67,-4.45,-5.01
14/05/2025,Wellington,NewWorld,egg,6.24,9.7,3.83,0.31
15/05/2025,Wellington,NewWorld,egg,6.14,10.16,-1.6,4.74
16/05/2025,Wellington,NewWorld,egg,6.16,10.17,0.33,0.1
17/05/2025,Wellington,NewWorld,egg,5.73,9.64,-6.98,-5.21
18/05/2025,Wellington,NewWorld,egg,6.22,10.06,8.55,4.36
19/05/2025,Wellington,NewWorld,egg,5.98,9.7,-3.86,-3.58
20/05/2025,Wellington,NewWorld,egg,6.17,9.53,3.18,-1.75
21/05/2025,Wellington,NewWorld,egg,5.74,10.06,-6.97,5.56
22/05/2025,Wellington,NewWorld,egg,5.92,9.65,3.14,-4.08
23/05/2025,Wellington,NewWorld,egg,5.85,10.01,-1.18,3.73
24/05/2025,Wellington,NewWorld,egg,6.26,9.5,7.01,-5.09
25/05/2025,Wellington,NewWorld,egg,6.24,9.35,-0.32,-1.58
26/05/2025,Wellington,NewWorld,egg,5.94,9.52,-4.81,1.82
27/05/2025,Wellington,NewWorld,egg,6.02,9.94,1.35,4.41
28/05/2025,Wellington,NewWorld,egg,6.08,10.13,1.0,1.91
29/05/2025,Wellington,NewWorld,egg,6.26,9.78,2.96,-3.46
30/05/2025,Wellington,NewWorld,egg,6.1,10.16,-2.56,3.89
31/05/2025,Wellington,NewWorld,egg,6.06,10.03,-0.66,-1.28
01/06/2025,Wellington,NewWorld,egg,5.78,10.1,-4.62,0.7
02/06/2025,Wellington,NewWorld,egg,5.77,9.42,-0.17,-6.73
03/06/2025,Wellington,NewWorld,egg,5.97,9.92,3.47,5.31
04/06/2025,Wellington,NewWorld,egg,5.86,9.37,-1.84,-5.54
30/04/2025,Wellington,NewWorld,milk,2.88,4.94,,
01/05/2025,Wellington,NewWorld,milk,3.01,5.07,4.51,2.63
02/05/2025,Wellington,NewWorld,milk,3.0,4.75,-0.33,-6.31
03/05/2025,Wellington,NewWorld,milk,2.99,4.89,-0.33,2.95
04/05/2025,Wellington,NewWorld,milk,2.92,4.95,-2.34,1.23
05/05/2025,Wellington,NewWorld,milk,2.93,4.86,0.34,-1.82
06/05/2025,Wellington,NewWorld,milk,2.88,5.01,-1.71,3.09
07/05/2025,Wellington,NewWorld,milk,3.09,4.9,7.29,-2.2
08/05/2025,Wellington,NewWorld,milk,2.85,4.92,-7.77,0.41
09/05/2025,Wellington,NewWorld,milk,3.01,4.62,5.61,-6.1
10/05/2025,Wellington,NewWorld,milk,2.96,4.62,-1.66,0.0
11/05/2025,Wellington,NewWorld,milk,2.97,4.99,0.34,8.01
12/05/2025,Wellington,NewWorld,milk,2.93,4.67,-1.35,-6.41
13/05/2025,Wellington,NewWorld,milk,3.12,4.94,6.48,5.78
14/05/2025,Wellington,NewWorld,milk,2.87,4.6,-8.01,-6.88
15/05/2025,Wellington,NewWorld,milk,2.92,4.82,1.74,4.78
16/05/2025,Wellington,NewWorld,milk,2.93,4.87,0.34,1.04
17/05/2025,Wellington,NewWorld,milk,3.01,4.67,2.73,-4.11
18/05/2025,Wellington,NewWorld,milk,2.96,4.96,-1.66,6.21
19/05/2025,Wellington,NewWorld,milk,2.96,4.92,0.0,-0.81
20/05/2025,Wellington,NewWorld,milk,3.08,4.7,4.05,-4.47
21/05/2025,Wellington,NewWorld,milk,3.0,4.81,-2.6,2.34
22/05/2025,Wellington,NewWorld,milk,3.02,4.77,0.67,-0.83
23/05/2025,Wellington,NewWorld,milk,3.08,4.93,1.99,3.35
24/05/2025,Wellington,NewWorld,milk,3.01,4.78,-2.27,-3.04
25/05/2025,Wellington,NewWorld,milk,3.01,4.6,0.0,-3.77
26/05/2025,Wellington,NewWorld,milk,3.01,4.72,0.0,2.61
27/05/2025,Wellington,NewWorld,milk,3.07,4.73,1.99,0.21
28/05/2025,Wellington,NewWorld,milk,3.04,4.93,-0.98,4.23
29/05/2025,Wellington,NewWorld,milk,2.94,4.96,-3.29,0.61
30/05/2025,Wellington,NewWorld,milk,3.03,4.71,3.06,-5.04
31/05/2025,Wellington,NewWorld,milk,3.11,5.05,2.64,7.22
01/06/2025,Wellington,NewWorld,milk,3.1,5.06,-0.32,0.2
02/06/2025,Wellington,NewWorld,milk,3.14,4.82,1.29,-4.74
03/06/2025,Wellington,NewWorld,milk,2.89,4.76,-7.96,-1.24
04/06/2025,Wellington,NewWorld,milk,2.92,4.81,1.04,1.05
30/04/2025,Wellington,Paknsave,beef,21.51,24.09,,
01/05/2025,Wellington,Paknsave,beef,22.41,23.77,4.18,-1.33
02/05/2025,Wellington,Paknsave,beef,22.59,23.71,0.8,-0.25
03/05/2025,Wellington,Paknsave,beef,22.05,24.47,-2.39,3.21
04/05/2025,Wellington,Paknsave,beef,21.2,24.35,-3.85,-0.49
05/05/2025,Wellington,Paknsave,beef,21.25,23.53,0.24,-3.37
06/05/2025,Wellington,Paknsave,beef,22.58,23.37,6.26,-0.68
07/05/2025,Wellington,Paknsave,beef,22.89,24.22,1.37,3.64
08/05/2025,Wellington,Paknsave,beef,21.46,24.46,-6.25,0.99
09/05/2025,Wellington,Paknsave,beef,22.14,25.25,3.17,3.23
10/05/2025,Wellington,Paknsave,beef,21.01,25.12,-5.1,-0.51
11/05/2025,Wellington,Paknsave,beef,22.06,23.12,5.0,-7.96
12/05/2025,Wellington,Paknsave,beef,21.14,24.78,-4.17,7.18
13/05/2025,Wellington,Paknsave,beef,21.36,24.63,1.04,-0.61
14/05/2025,Wellington,Paknsave,beef,21.68,23.18,1.5,-5.89
15/05/2025,Wellington,Paknsave,beef,22.21,23.19,2.44,0.04
16/05/2025,Wellington,Paknsave,beef,21.72,23.17,-2.21,-0.09
17/05/2025,Wellington,Paknsave,beef,21.57,24.22,-0.69,4.53
18/05/2025,Wellington,Paknsave,beef,21.47,25.05,-0.46,3.43
19/05/2025,Wellington,Paknsave,beef,22.39,24.6,4.29,-1.8
20/05/2025,Wellington,Paknsave,beef,21.14,24.02,-5.58,-2.36
21/05/2025,Wellington,Paknsave,beef,23.08,23.49,9.18,-2.21
22/05/2025,Wellington,Paknsave,beef,21.03,23.39,-8.88,-0.43
23/05/2025,Wellington,Paknsave,beef,22.61,23.48,7.51,0.38
24/05/2025,Wellington,Paknsave,beef,22.89,23.88,1.24,1.7
25/05/2025,Wellington,Paknsave,beef,22.62,23.31,-1.18,-2.39
26/05/2025,Wellington,Paknsave,beef,21.44,23.39,-5.22,0.34
27/05/2025,Wellington,Paknsave,beef,21.58,24.92,0.65,6.54
28/05/2025,Wellington,Paknsave,beef,21.31,24.25,-1.25,-2.69
29/05/2025,Wellington,Paknsave,beef,21.7,24.14,1.83,-0.45
30/05/2025,Wellington,Paknsave,beef,21.52,24.91,-0.83,3.19
31/05/2025,Wellington,Paknsave,beef,20.91,23.82,-2.83,-4.38
01/06/2025,Wellington,Paknsave,beef,22.57,23.64,7.94,-0.76
02/06/2025,Wellington,Paknsave,beef,22.15,23.76,-1.86,0.51
03/06/2025,Wellington,Paknsave,beef,22.69,23.69,2.44,-0.29
04/06/2025,Wellington,Paknsave,beef,22.93,23.99,1.06,1.27
30/04/2025,Wellington,Paknsave,bread,1.34,2.33,,
01/05/2025,Wellington,Paknsave,bread,1.36,2.41,1.49,3.43
02/05/2025,Wellington,Paknsave,bread,1.36,2.28,0.0,-5.39
03/05/2025,Wellington,Paknsave,bread,1.35,2.27,-0.74,-0.44
04/05/2025,Wellington,Paknsave,bread,1.36,2.2,0.74,-3.08
05/05/2025,Wellington,Paknsave,bread,1.38,2.21,1.47,0.45
06/05/2025,Wellington,Paknsave,bread,1.36,2.29,-1.45,3.62
07/05/2025,Wellington,Paknsave,bread,1.45,2.41,6.62,5.24
08/05/2025,Wellington,Paknsave,bread,1.46,2.26,0.69,-6.22
09/05/2025,Wellington,Paknsave,bread,1.38,2.4,-5.48,6.19
10/05/2025,Wellington,Paknsave,bread,1.44,2.29,4.35,-4.58
11/05/2025,Wellington,Paknsave,bread,1.42,2.29,-1.39,0.0
12/05/2025,Wellington,Paknsave,bread,1.36,2.35,-4.23,2.62
13/05/2025,Wellington,Paknsave,bread,1.36,2.31,0.0,-1.7
14/05/2025,Wellington,Paknsave,bread,1.36,2.36,0.0,2.16
15/05/2025,Wellington,Paknsave,bread,1.37,2.38,0.74,0.85
16/05/2025,Wellington,Paknsave,bread,1.43,2.33,4.38,-2.1
17/05/2025,Wellington,Paknsave,bread,1.4,2.34,-2.1,0.43
18/05/2025,Wellington,Paknsave,bread,1.36,2.29,-2.86,-2.14
19/05/2025,Wellington,Paknsave,bread,1.38,2.35,1.47,2.62
20/05/2025,Wellington,Paknsave,bread,1.42,2.22,2.9,-5.53
21/05/2025,Wellington,Paknsave,bread,1.42,2.37,0.0,6.76
22/05/2025,Wellington,Paknsave,bread,1.44,2.25,1.41,-5.06
23/05/2025,Wellington,Paknsave,bread,1.43,2.23,-0.69,-0.89
24/05/2025,Wellington,Paknsave,bread,1.37,2.23,-4.2,0.0
25/05/2025,Wellington,Paknsave,bread,1.32,2.38,-3.65,6.73
26/05/2025,Wellington,Paknsave,bread,1.45,2.39,9.85,0.42
27/05/2025,Wellington,Paknsave,bread,1.45,2.35,0.0,-1.67
28/05/2025,Wellington,Paknsave,bread,1.34,2.34,-7.59,-0.43
29/05/2025,Wellington,Paknsave,bread,1.44,2.32,7.46,-0.85
30/05/2025,Wellington,Paknsave,bread,1.36,2.22,-5.56,-4.31
31/05/2025,Wellington,Paknsave,bread,1.39,2.23,2.21,0.45
01/06/2025,Wellington,Paknsave,bread,1.42,2.31,2.16,3.59
02/06/2025,Wellington,Paknsave,bread,1.39,2.36,-2.11,2.16
03/06/2025,Wellington,Paknsave,bread,1.4,2.38,0.72,0.85
04/06/2025,Wellington,Paknsave,bread,1.34,2.25,-4.29,-5.46
30/04/2025,Wellington,Paknsave,butter,1.77,6.04,,
01/05/2025,Wellington,Paknsave,butter,1.83,6.25,3.39,3.48
02/05/2025,Wellington,Paknsave,butter,1.76,5.94,-3.83,-4.96
03/05/2025,Wellington,Paknsave,butter,1.81,5.7,2.84,-4.04
04/05/2025,Wellington,Paknsave,butter,1.83,5.81,1.1,1.93
05/05/2025,Wellington,Paknsave,butter,1.87,5.73,2.19,-1.38
06/05/2025,Wellington,Paknsave,butter,1.83,5.99,-2.14,4.54
07/05/2025,Wellington,Paknsave,butter,1.75,5.99,-4.37,0.0
08/05/2025,Wellington,Paknsave,butter,1.83,5.73,4.57,-4.34
09/05/2025,Wellington,Paknsave,butter,1.87,6.0,2.19,4.71
10/05/2025,Wellington,Paknsave,butter,1.81,5.87,-3.21,-2.17
11/05/2025,Wellington,Paknsave,butter,1.8,6.01,-0.55,2.39
12/05/2025,Wellington,Paknsave,butter,1.76,5.99,-2.22,-0.33
13/05/2025,Wellington,Paknsave,butter,1.72,5.99,-2.27,0.0
14/05/2025,Wellington,Paknsave,butter,1.85,5.86,7.56,-2.17
15/05/2025,Wellington,Paknsave,butter,1.73,5.89,-6.49,0.51
16/05/2025,Wellington,Paknsave,butter,1.85,5.81,6.94,-1.36
17/05/2025,Wellington,Paknsave,butter,1.79,5.99,-3.24,3.1
18/05/2025,Wellington,Paknsave,butter,1.74,5.93,-2.79,-1.0
19/05/2025,Wellington,Paknsave,butter,1.76,6.26,1.15,5.56
20/05/2025,Wellington,Paknsave,butter,1.71,5.87,-2.84,-6.23
21/05/2025,Wellington,Paknsave,butter,1.82,6.1,6.43,3.92
22/05/2025,Wellington,Paknsave,butter,1.74,6.05,-4.4,-0.82
23/05/2025,Wellington,Paknsave,butter,1.8,5.71,3.45,-5.62
24/05/2025,Wellington,Paknsave,butter,1.83,6.14,1.67,7.53
25/05/2025,Wellington,Paknsave,butter,1.74,5.71,-4.92,-7.0
26/05/2025,Wellington,Paknsave,butter,1.74,6.06,0.0,6.13
27/05/2025,Wellington,Paknsave,butter,1.8,6.11,3.45,0.83
28/05/2025,Wellington,Paknsave,butter,1.76,5.74,-2.22,-6.06
29/05/2025,Wellington,Paknsave,butter,1.74,6.05,-1.14,5.4
30/05/2025,Wellington,Paknsave,butter,1.78,5.82,2.3,-3.8
31/05/2025,Wellington,Paknsave,butter,1.82,6.24,2.25,7.22
01/06/2025,Wellington,Paknsave,butter,1.78,5.85,-2.2,-6.25
02/06/2025,Wellington,Paknsave,butter,1.7,5.75,-4.49,-1.71
03/06/2025,Wellington,Paknsave,butter,1.71,6.07,0.59,5.57
04/06/2025,Wellington,Paknsave,butter,1.7,5.89,-0.58,-2.97
30/04/2025,Wellington,Paknsave,egg,8.24,11.16,,
01/05/2025,Wellington,Paknsave,egg,7.95,10.89,-3.52,-2.42
02/05/2025,Wellington,Paknsave,egg,8.19,10.73,3.02,-1.47
03/05/2025,Wellington,Paknsave,egg,8.46,11.01,3.3,2.61
04/05/2025,Wellington,Paknsave,egg,8.55,10.46,1.06,-5.0
05/05/2025,Wellington,Paknsave,egg,8.21,10.36,-3.98,-0.96
06/05/2025,Wellington,Paknsave,egg,8.44,10.61,2.8,2.41
07/05/2025,Wellington,Paknsave,egg,8.65,10.99,2.49,3.58
08/05/2025,Wellington,Paknsave,egg,8.22,10.27,-4.97,-6.55
09/05/2025,Wellington,Paknsave,egg,8.18,10.34,-0.49,0.68
10/05/2025,Wellington,Paknsave,egg,8.68,10.4,6.11,0.58
11/05/2025,Wellington,Paknsave,egg,8.41,10.83,-3.11,4.13
12/05/2025,Wellington,Paknsave,egg,7.96,10.6,-5.35,-2.12
13/05/2025,Wellington,Paknsave,egg,8.31,11.16,4.4,5.28
14/05/2025,Wellington,Paknsave,egg,8.17,10.74,-1.68,-3.76
15/05/2025,Wellington,Paknsave,egg,8.02,10.72,-1.84,-0.19
16/05/2025,Wellington,Paknsave,egg,8.57,10.55,6.86,-1.59
17/05/2025,Wellington,Paknsave,egg,8.43,10.76,-1.63,1.99
18/05/2025,Wellington,Paknsave,egg,8.41,10.4,-0.24,-3.35
19/05/2025,Wellington,Paknsave,egg,8.64,10.64,2.73,2.31
20/05/2025,Wellington,Paknsave,egg,8.32,11.21,-3.7,5.36
21/05/2025,Wellington,Paknsave,egg,8.48,11.12,1.92,-0.8
22/05/2025,Wellington,Paknsave,egg,8.04,11.0,-5.19,-1.08
23/05/2025,Wellington,Paknsave,egg,8.08,10.6,0.5,-3.64
24/05/2025,Wellington,Paknsave,egg,8.42,10.6,4.21,0.0
25/05/2025,Wellington,Paknsave,egg,7.9,11.18,-6.18,5.47
26/05/2025,Wellington,Paknsave,egg,8.25,10.22,4.43,-8.59
27/05/2025,Wellington,Paknsave,egg,7.89,10.75,-4.36,5.19
28/05/2025,Wellington,Paknsave,egg,8.25,10.44,4.56,-2.88
29/05/2025,Wellington,Paknsave,egg,8.5,11.2,3.03,7.28
30/05/2025,Wellington,Paknsave,egg,8.5,10.46,0.0,-6.61
31/05/2025,Wellington,Paknsave,egg,8.68,11.14,2.12,6.5
01/06/2025,Wellington,Paknsave,egg,8.36,11.15,-3.69,0.09
02/06/2025,Wellington,Paknsave,egg,7.98,11.12,-4.55,-0.27
03/06/2025,Wellington,Paknsave,egg,7.9,10.77,-1.0,-3.15
04/06/2025,Wellington,Paknsave,egg,8.47,11.24,7.22,4.36
30/04/2025,Wellington,Paknsave,milk,2.85,4.99,,
01/05/2025,Wellington,Paknsave,milk,2.88,4.79,1.05,-4.01
02/05/2025,Wellington,Paknsave,milk,3.07,4.78,6.6,-0.21
03/05/2025,Wellington,Paknsave,milk,3.03,5.22,-1.3,9.21
04/05/2025,Wellington,Paknsave,milk,2.83,5.18,-6.6,-0.77
05/05/2025,Wellington,Paknsave,milk,2.9,5.18,2.47,0.0
06/05/2025,Wellington,Paknsave,milk,3.03,5.08,4.48,-1.93
07/05/2025,Wellington,Paknsave,milk,2.96,5.08,-2.31,0.0
08/05/2025,Wellington,Paknsave,milk,3.06,4.84,3.38,-4.72
09/05/2025,Wellington,Paknsave,milk,2.95,4.85,-3.59,0.21
10/05/2025,Wellington,Paknsave,milk,2.99,5.14,1.36,5.98
11/05/2025,Wellington,Paknsave,milk,2.99,5.08,0.0,-1.17
12/05/2025,Wellington,Paknsave,milk,2.99,4.99,0.0,-1.77
13/05/2025,Wellington,Paknsave,milk,2.93,4.81,-2.01,-3.61
14/05/2025,Wellington,Paknsave,milk,2.96,4.95,1.02,2.91
15/05/2025,Wellington,Paknsave,milk,2.85,4.98,-3.72,0.61
16/05/2025,Wellington,Paknsave,milk,3.08,4.8,8.07,-3.61
17/05/2025,Wellington,Paknsave,milk,2.85,5.19,-7.47,8.13
18/05/2025,Wellington,Paknsave,milk,2.93,5.05,2.81,-2.7
19/05/2025,Wellington,Paknsave,milk,3.06,5.09,4.44,0.79
20/05/2025,Wellington,Paknsave,milk,2.82,5.19,-7.84,1.96
21/05/2025,Wellington,Paknsave,milk,2.93,4.78,3.9,-7.9
22/05/2025,Wellington,Paknsave,milk,2.88,4.82,-1.71,0.84
23/05/2025,Wellington,Paknsave,milk,3.04,4.94,5.56,2.49
24/05/2025,Wellington,Paknsave,milk,2.82,5.04,-7.24,2.02
25/05/2025,Wellington,Paknsave,milk,2.96,5.27,4.96,4.56
26/05/2025,Wellington,Paknsave,milk,2.9,5.23,-2.03,-0.76
27/05/2025,Wellington,Paknsave,milk,3.05,5.11,5.17,-2.29
28/05/2025,Wellington,Paknsave,milk,2.8,5.08,-8.2,-0.59
29/05/2025,Wellington,Paknsave,milk,2.82,5.2,0.71,2.36
30/05/2025,Wellington,Paknsave,milk,2.93,5.07,3.9,-2.5
31/05/2025,Wellington,Paknsave,milk,2.92,4.78,-0.34,-5.72
01/06/2025,Wellington,Paknsave,milk,3.0,5.2,2.74,8.79
02/06/2025,Wellington,Paknsave,milk,3.07,4.82,2.33,-7.31
03/06/2025,Wellington,Paknsave,milk,2.85,4.96,-7.17,2.9
04/06/2025,Wellington,Paknsave,milk,2.82,5.25,-1.05,5.85
